VDA,1
VDA,2
VDA,3
VDA,4
VDA,5
VDA,6
VDA,7
VDA,8
VDA,9
VDA,10
LIG,11
LIG,12
FVG,13
FVG,14
FVG,15
FVG,16
FVG,17
TAA,18
TAA,19
TAA,20
VEN,21
VEN,22
VEN,23
VEN,24
VEN,25
VEN,26
VEN,27
VEN,28
PIE,29
PIE,30
PIE,31
PIE,32
PIE,33
PIE,34
PIE,35
PIE,36
PIE,37
PIE,38
PIE,39
PIE,40
LOM,41
LOM,42
LOM,43
LOM,44
LOM,45
LOM,46
LOM,47
LOM,48
LOM,49
LOM,50
SIC,51
SIC,52
SIC,53
SIC,54
SIC,55
SIC,56
SIC,57
SIC,58
SIC,59
SIC,60
CAM,61
CAM,62
CAM,63
CAM,64
CAM,65
CAM,66
CAM,67
CAM,68
CAM,69
CAM,70
EMR,71
EMR,72
EMR,73
EMR,74
EMR,75
EMR,76
EMR,77
EMR,78
EMR,79
EMR,80
MAR,81
MAR,82
MAR,83
MAR,84
MAR,85
MAR,86
MAR,87
MAR,88
MAR,89
MAR,90
LAZ,91
LAZ,92
LAZ,93
LAZ,94
LAZ,95
LAZ,96
LAZ,97
LAZ,98
LAZ,99
LAZ,100
LAZ,101
ABR,102
ABR,103
ABR,104
ABR,105
ABR,106
ABR,107
ABR,108
ABR,109
ABR,110
MOL,111
MOL,112
MOL,113
MOL,114
MOL,115
MOL,116
MOL,117
MOL,118
MOL,119
MOL,120
BAS,121
BAS,122
BAS,123
BAS,124
BAS,125
BAS,126
BAS,127
BAS,128
BAS,129
BAS,130
CAM,131
CAM,132
CAM,133
PUG,134
PUG,135
PUG,136
PUG,137
PUG,138
PUG,139
PUG,140
PUG,141
PUG,142
PUG,143
PUG,144
PUG,145
PUG,146
PUG,147
PUG,148
CAL,149
CAL,150
CAL,151
CAL,152
CAL,153
CAL,154
CAL,155
CAL,156
CAL,157
CAL,158
CAL,159
VEN,160
VEN,161
VEN,162
VEN,163
TOS,164
TOS,165
TOS,166
TOS,167
TOS,168
TOS,169
TOS,170
TOS,171
TOS,172
TOS,173
TOS,174
UMB,175
UMB,176
UMB,177
UMB,178
UMB,179
UMB,180
UMB,181
UMB,182
UMB,183
UMB,184
UMB,185
SAR,186
SAR,187
SAR,188
SAR,189
SAR,190
SAR,191
SAR,192
SAR,193
SAR,194
SAR,195
SAR,196
SAR,197
SAR,198
SAR,199
SAR,200
